hostname,os,environment,country,node
LTFRA001,Linux,Testing,France,1
LPESP001,Linux,Production,Spain,1
ATIRL001,AIX,Testing,Ireland,1
HPITA001,HP-UX,Production,Italy,1
AIIRL001,AIX,Integration,Ireland,1
LIIRL001,Linux,Integration,Ireland,1
SSITA001,Solaris,Staging,Italy,1
SDITA001,Solaris,Development,Italy,1
SPIRL001,Solaris,Production,Ireland,1
SIDEU001,Solaris,Integration,Germany,1
LPESP002,Linux,Production,Spain,2
ATITA001,AIX,Testing,Italy,1
LDDEU001,Linux,Development,Germany,1
LDIRL001,Linux,Development,Ireland,1
ASDEU001,AIX,Staging,Germany,1
LSESP001,Linux,Staging,Spain,1
LSDEU001,Linux,Staging,Germany,1
LSITA001,Linux,Staging,Italy,1
APIRL001,AIX,Production,Ireland,1
SPESP001,Solaris,Production,Spain,1
AIDEU001,AIX,Integration,Germany,1
ASFRA001,AIX,Staging,France,1
HTESP001,HP-UX,Testing,Spain,1
LTIRL001,Linux,Testing,Ireland,1
ATFRA001,AIX,Testing,France,1
APESP001,AIX,Production,Spain,1
HPDEU001,HP-UX,Production,Germany,1
HTDEU001,HP-UX,Testing,Germany,1
LIDEU001,Linux,Integration,Germany,1
STITA001,Solaris,Testing,Italy,1
LSIRL001,Linux,Staging,Ireland,1
ATITA002,AIX,Testing,Italy,2
APESP002,AIX,Production,Spain,2
LDITA001,Linux,Development,Italy,1
SIIRL001,Solaris,Integration,Ireland,1
LSNOR001,Linux,Staging,Norway,1
HTESP002,HP-UX,Testing,Spain,2
APDEU001,AIX,Production,Germany,1
SSIRL001,Solaris,Staging,Ireland,1
ASDEU002,AIX,Staging,Germany,2
LPIRL001,Linux,Production,Ireland,1
LPDEU001,Linux,Production,Germany,1
SPNOR001,Solaris,Production,Norway,1
LSITA002,Linux,Staging,Italy,2
SDESP001,Solaris,Development,Spain,1
LTFRA002,Linux,Testing,France,2
SPITA001,Solaris,Production,Italy,1
ASIRL001,AIX,Staging,Ireland,1
HTITA001,HP-UX,Testing,Italy,1
STIRL001,Solaris,Testing,Ireland,1
LTITA001,Linux,Testing,Italy,1
HPESP001,HP-UX,Production,Spain,1
ASIRL002,AIX,Staging,Ireland,2
SDNOR001,Solaris,Development,Norway,1
HTESP003,HP-UX,Testing,Spain,3
LPITA001,Linux,Production,Italy,1
ASITA001,AIX,Staging,Italy,1
LTIRL002,Linux,Testing,Ireland,2
LIDEU002,Linux,Integration,Germany,2
SPFRA001,Solaris,Production,France,1
SSFRA001,Solaris,Staging,France,1
SSDEU001,Solaris,Staging,Germany,1
HDIRL001,HP-UX,Development,Ireland,1
ATIRL002,AIX,Testing,Ireland,2
SIIRL002,Solaris,Integration,Ireland,2
LSESP002,Linux,Staging,Spain,2
SPDEU001,Solaris,Production,Germany,1
LTNOR001,Linux,Testing,Norway,1
LPDEU002,Linux,Production,Germany,2
LSITA003,Linux,Staging,Italy,3
LDITA002,Linux,Development,Italy,2
STIRL002,Solaris,Testing,Ireland,2
ATESP001,AIX,Testing,Spain,1
SPDEU002,Solaris,Production,Germany,2
SSDEU002,Solaris,Staging,Germany,2
SIITA001,Solaris,Integration,Italy,1
SIDEU002,Solaris,Integration,Germany,2
AIIRL002,AIX,Integration,Ireland,2
LTIRL003,Linux,Testing,Ireland,3
LSDEU002,Linux,Staging,Germany,2
LSFRA001,Linux,Staging,France,1
SIFRA001,Solaris,Integration,France,1
LTIRL004,Linux,Testing,Ireland,4
LDDEU002,Linux,Development,Germany,2
HPDEU002,HP-UX,Production,Germany,2
ADESP001,AIX,Development,Spain,1
SPESP002,Solaris,Production,Spain,2
LTNOR002,Linux,Testing,Norway,2
LSIRL002,Linux,Staging,Ireland,2
HSESP001,HP-UX,Staging,Spain,1
SSDEU003,Solaris,Staging,Germany,3
LPESP003,Linux,Production,Spain,3
HIESP001,HP-UX,Integration,Spain,1
HDESP001,HP-UX,Development,Spain,1
AIIRL003,AIX,Integration,Ireland,3
APDEU002,AIX,Production,Germany,2
SPIRL002,Solaris,Production,Ireland,2
HPESP002,HP-UX,Production,Spain,2
LSIRL003,Linux,Staging,Ireland,3
ADIRL001,AIX,Development,Ireland,1
LPESP004,Linux,Production,Spain,4
SSITA002,Solaris,Staging,Italy,2
STFRA001,Solaris,Testing,France,1
LSESP003,Linux,Staging,Spain,3
SPIRL003,Solaris,Production,Ireland,3
LDITA003,Linux,Development,Italy,3
SSIRL002,Solaris,Staging,Ireland,2
LDESP001,Linux,Development,Spain,1
LSIRL004,Linux,Staging,Ireland,4
SPESP003,Solaris,Production,Spain,3
LPESP005,Linux,Production,Spain,5
ASNOR001,AIX,Staging,Norway,1
LIDEU003,Linux,Integration,Germany,3
LPIRL002,Linux,Production,Ireland,2
LPIRL003,Linux,Production,Ireland,3
ATITA003,AIX,Testing,Italy,3
STIRL003,Solaris,Testing,Ireland,3
SSITA003,Solaris,Staging,Italy,3
SDDEU001,Solaris,Development,Germany,1
AINOR001,AIX,Integration,Norway,1
ATFRA002,AIX,Testing,France,2
LPESP006,Linux,Production,Spain,6
SPIRL004,Solaris,Production,Ireland,4
HTDEU002,HP-UX,Testing,Germany,2
SSDEU004,Solaris,Staging,Germany,4
LPIRL004,Linux,Production,Ireland,4
SPDEU003,Solaris,Production,Germany,3
LIFRA001,Linux,Integration,France,1
HSIRL001,HP-UX,Staging,Ireland,1
LTDEU001,Linux,Testing,Germany,1
SIIRL003,Solaris,Integration,Ireland,3
SPITA002,Solaris,Production,Italy,2
SSIRL003,Solaris,Staging,Ireland,3
SPFRA002,Solaris,Production,France,2
APFRA001,AIX,Production,France,1
LSESP004,Linux,Staging,Spain,4
SSITA004,Solaris,Staging,Italy,4
LSNOR002,Linux,Staging,Norway,2
STDEU001,Solaris,Testing,Germany,1
SSNOR001,Solaris,Staging,Norway,1
LSESP005,Linux,Staging,Spain,5
STIRL004,Solaris,Testing,Ireland,4
SDIRL001,Solaris,Development,Ireland,1
LTDEU002,Linux,Testing,Germany,2
ATESP002,AIX,Testing,Spain,2
LSDEU003,Linux,Staging,Germany,3
LTNOR003,Linux,Testing,Norway,3
LTESP001,Linux,Testing,Spain,1
LTDEU003,Linux,Testing,Germany,3
ATIRL003,AIX,Testing,Ireland,3
LIDEU004,Linux,Integration,Germany,4
LTDEU004,Linux,Testing,Germany,4
SSIRL004,Solaris,Staging,Ireland,4
HPITA002,HP-UX,Production,Italy,2
SIDEU003,Solaris,Integration,Germany,3
AIIRL004,AIX,Integration,Ireland,4
ASDEU003,AIX,Staging,Germany,3
LPESP007,Linux,Production,Spain,7
APITA001,AIX,Production,Italy,1
LPESP008,Linux,Production,Spain,8
LDNOR001,Linux,Development,Norway,1
SSIRL005,Solaris,Staging,Ireland,5
APIRL002,AIX,Production,Ireland,2
SIIRL004,Solaris,Integration,Ireland,4
LPDEU003,Linux,Production,Germany,3
SIDEU004,Solaris,Integration,Germany,4
LDIRL002,Linux,Development,Ireland,2
SDDEU002,Solaris,Development,Germany,2
LSDEU004,Linux,Staging,Germany,4
LSIRL005,Linux,Staging,Ireland,5
LTESP002,Linux,Testing,Spain,2
LPIRL005,Linux,Production,Ireland,5
SSIRL006,Solaris,Staging,Ireland,6
ASNOR002,AIX,Staging,Norway,2
SSFRA002,Solaris,Staging,France,2
ASESP001,AIX,Staging,Spain,1
STESP001,Solaris,Testing,Spain,1
LTIRL005,Linux,Testing,Ireland,5
LTNOR004,Linux,Testing,Norway,4
ASIRL003,AIX,Staging,Ireland,3
ADFRA001,AIX,Development,France,1
LTITA002,Linux,Testing,Italy,2
LPDEU004,Linux,Production,Germany,4
APDEU003,AIX,Production,Germany,3
APDEU004,AIX,Production,Germany,4
ASESP002,AIX,Staging,Spain,2
LIITA001,Linux,Integration,Italy,1
SPDEU004,Solaris,Production,Germany,4
LTDEU005,Linux,Testing,Germany,5
SPIRL005,Solaris,Production,Ireland,5
SIDEU005,Solaris,Integration,Germany,5
SPITA003,Solaris,Production,Italy,3
LTIRL006,Linux,Testing,Ireland,6
SSESP001,Solaris,Staging,Spain,1
LPIRL006,Linux,Production,Ireland,6
LSIRL006,Linux,Staging,Ireland,6
HPIRL001,HP-UX,Production,Ireland,1
LPIRL007,Linux,Production,Ireland,7
SSITA005,Solaris,Staging,Italy,5
SDIRL002,Solaris,Development,Ireland,2
LSIRL007,Linux,Staging,Ireland,7
LSDEU005,Linux,Staging,Germany,5
ATIRL004,AIX,Testing,Ireland,4
LSDEU006,Linux,Staging,Germany,6
LTITA003,Linux,Testing,Italy,3
HSESP002,HP-UX,Staging,Spain,2
LTITA004,Linux,Testing,Italy,4
LPIRL008,Linux,Production,Ireland,8
LDDEU003,Linux,Development,Germany,3
STIRL005,Solaris,Testing,Ireland,5
HTIRL001,HP-UX,Testing,Ireland,1
HPFRA001,HP-UX,Production,France,1
ATIRL005,AIX,Testing,Ireland,5
LIIRL002,Linux,Integration,Ireland,2
STDEU002,Solaris,Testing,Germany,2
ASDEU004,AIX,Staging,Germany,4
SPFRA003,Solaris,Production,France,3
LSDEU007,Linux,Staging,Germany,7
SIESP001,Solaris,Integration,Spain,1
LIITA002,Linux,Integration,Italy,2
LSNOR003,Linux,Staging,Norway,3
LTITA005,Linux,Testing,Italy,5
SSITA006,Solaris,Staging,Italy,6
LPDEU005,Linux,Production,Germany,5
ATITA004,AIX,Testing,Italy,4
LTESP003,Linux,Testing,Spain,3
HTESP004,HP-UX,Testing,Spain,4
LPIRL009,Linux,Production,Ireland,9
ATDEU001,AIX,Testing,Germany,1
LSESP006,Linux,Staging,Spain,6
AIITA001,AIX,Integration,Italy,1
SPESP004,Solaris,Production,Spain,4
SPIRL006,Solaris,Production,Ireland,6
LPITA002,Linux,Production,Italy,2
LSDEU008,Linux,Staging,Germany,8
LSDEU009,Linux,Staging,Germany,9
LPIRL010,Linux,Production,Ireland,10
LIIRL003,Linux,Integration,Ireland,3
HTFRA001,HP-UX,Testing,France,1
LDDEU004,Linux,Development,Germany,4
APNOR001,AIX,Production,Norway,1
LPDEU006,Linux,Production,Germany,6
SIFRA002,Solaris,Integration,France,2
SPESP005,Solaris,Production,Spain,5
LIIRL004,Linux,Integration,Ireland,4
HDESP002,HP-UX,Development,Spain,2
HPIRL002,HP-UX,Production,Ireland,2
SPIRL007,Solaris,Production,Ireland,7
LDDEU005,Linux,Development,Germany,5
SSDEU005,Solaris,Staging,Germany,5
SSITA007,Solaris,Staging,Italy,7
AIDEU002,AIX,Integration,Germany,2
LPIRL011,Linux,Production,Ireland,11
ASDEU005,AIX,Staging,Germany,5
LPIRL012,Linux,Production,Ireland,12
SPESP006,Solaris,Production,Spain,6
SPIRL008,Solaris,Production,Ireland,8
LSESP007,Linux,Staging,Spain,7
LSITA004,Linux,Staging,Italy,4
STIRL006,Solaris,Testing,Ireland,6
LPESP009,Linux,Production,Spain,9
AIITA002,AIX,Integration,Italy,2
STIRL007,Solaris,Testing,Ireland,7
SSDEU006,Solaris,Staging,Germany,6
APIRL003,AIX,Production,Ireland,3
APIRL004,AIX,Production,Ireland,4
APITA002,AIX,Production,Italy,2
LPIRL013,Linux,Production,Ireland,13
LPIRL014,Linux,Production,Ireland,14
SPIRL009,Solaris,Production,Ireland,9
LPDEU007,Linux,Production,Germany,7
APIRL005,AIX,Production,Ireland,5
SPFRA004,Solaris,Production,France,4
ATDEU002,AIX,Testing,Germany,2
HDDEU001,HP-UX,Development,Germany,1
SPIRL010,Solaris,Production,Ireland,10
LPIRL015,Linux,Production,Ireland,15
HTIRL002,HP-UX,Testing,Ireland,2
HIIRL001,HP-UX,Integration,Ireland,1
HSFRA001,HP-UX,Staging,France,1
LTITA006,Linux,Testing,Italy,6
ADIRL002,AIX,Development,Ireland,2
HTDEU003,HP-UX,Testing,Germany,3
ADNOR001,AIX,Development,Norway,1
SSITA008,Solaris,Staging,Italy,8
LPESP010,Linux,Production,Spain,10
LPDEU008,Linux,Production,Germany,8
AIIRL005,AIX,Integration,Ireland,5
APIRL006,AIX,Production,Ireland,6
LDITA004,Linux,Development,Italy,4
STFRA002,Solaris,Testing,France,2
HTESP005,HP-UX,Testing,Spain,5
SPITA004,Solaris,Production,Italy,4
SDITA002,Solaris,Development,Italy,2
HTIRL003,HP-UX,Testing,Ireland,3
SSFRA003,Solaris,Staging,France,3
STESP002,Solaris,Testing,Spain,2
SIIRL005,Solaris,Integration,Ireland,5
LPFRA001,Linux,Production,France,1
LIDEU005,Linux,Integration,Germany,5
LPITA003,Linux,Production,Italy,3
ASIRL004,AIX,Staging,Ireland,4
LPFRA002,Linux,Production,France,2
ASFRA002,AIX,Staging,France,2
ATFRA003,AIX,Testing,France,3
LSIRL008,Linux,Staging,Ireland,8
LPESP011,Linux,Production,Spain,11
ASESP003,AIX,Staging,Spain,3
ATIRL006,AIX,Testing,Ireland,6
LSITA005,Linux,Staging,Italy,5
LDNOR002,Linux,Development,Norway,2
STDEU003,Solaris,Testing,Germany,3
SPIRL011,Solaris,Production,Ireland,11
LPITA004,Linux,Production,Italy,4
LSFRA002,Linux,Staging,France,2
SPIRL012,Solaris,Production,Ireland,12
ADFRA002,AIX,Development,France,2
APDEU005,AIX,Production,Germany,5
LSITA006,Linux,Staging,Italy,6
LSDEU010,Linux,Staging,Germany,10
SPNOR002,Solaris,Production,Norway,2
LPDEU009,Linux,Production,Germany,9
SPIRL013,Solaris,Production,Ireland,13
SSDEU007,Solaris,Staging,Germany,7
LSFRA003,Linux,Staging,France,3
LTIRL007,Linux,Testing,Ireland,7
HTITA002,HP-UX,Testing,Italy,2
SIIRL006,Solaris,Integration,Ireland,6
LDDEU006,Linux,Development,Germany,6
LDESP002,Linux,Development,Spain,2
HDFRA001,HP-UX,Development,France,1
SPESP007,Solaris,Production,Spain,7
HPITA003,HP-UX,Production,Italy,3
STIRL008,Solaris,Testing,Ireland,8
LPITA005,Linux,Production,Italy,5
ATITA005,AIX,Testing,Italy,5
SPITA005,Solaris,Production,Italy,5
HPIRL003,HP-UX,Production,Ireland,3
HDIRL002,HP-UX,Development,Ireland,2
ATESP003,AIX,Testing,Spain,3
STDEU004,Solaris,Testing,Germany,4
LPDEU010,Linux,Production,Germany,10
STESP003,Solaris,Testing,Spain,3
LTIRL008,Linux,Testing,Ireland,8
SDDEU003,Solaris,Development,Germany,3
LSIRL009,Linux,Staging,Ireland,9
SPIRL014,Solaris,Production,Ireland,14
LTDEU006,Linux,Testing,Germany,6
STDEU005,Solaris,Testing,Germany,5
HTNOR001,HP-UX,Testing,Norway,1
ADDEU001,AIX,Development,Germany,1
LSDEU011,Linux,Staging,Germany,11
SSIRL007,Solaris,Staging,Ireland,7
LTDEU007,Linux,Testing,Germany,7
APDEU006,AIX,Production,Germany,6
LTIRL009,Linux,Testing,Ireland,9
LPIRL016,Linux,Production,Ireland,16
STIRL009,Solaris,Testing,Ireland,9
HPFRA002,HP-UX,Production,France,2
LPDEU011,Linux,Production,Germany,11
LIIRL005,Linux,Integration,Ireland,5
SPIRL015,Solaris,Production,Ireland,15
HDDEU002,HP-UX,Development,Germany,2
ASESP004,AIX,Staging,Spain,4
LSDEU012,Linux,Staging,Germany,12
AIIRL006,AIX,Integration,Ireland,6
LIFRA002,Linux,Integration,France,2
LDDEU007,Linux,Development,Germany,7
AIITA003,AIX,Integration,Italy,3
LPIRL017,Linux,Production,Ireland,17
SDFRA001,Solaris,Development,France,1
APIRL007,AIX,Production,Ireland,7
SIDEU006,Solaris,Integration,Germany,6
STNOR001,Solaris,Testing,Norway,1
SPIRL016,Solaris,Production,Ireland,16
ASFRA003,AIX,Staging,France,3
STESP004,Solaris,Testing,Spain,4
HTESP006,HP-UX,Testing,Spain,6
HTDEU004,HP-UX,Testing,Germany,4
APESP003,AIX,Production,Spain,3
LTIRL010,Linux,Testing,Ireland,10
LINOR001,Linux,Integration,Norway,1
SSITA009,Solaris,Staging,Italy,9
LSITA007,Linux,Staging,Italy,7
STITA002,Solaris,Testing,Italy,2
LSESP008,Linux,Staging,Spain,8
HTIRL004,HP-UX,Testing,Ireland,4
HSITA001,HP-UX,Staging,Italy,1
LPDEU012,Linux,Production,Germany,12
LIDEU006,Linux,Integration,Germany,6
LTIRL011,Linux,Testing,Ireland,11
STITA003,Solaris,Testing,Italy,3
LDESP003,Linux,Development,Spain,3
STIRL010,Solaris,Testing,Ireland,10
SIIRL007,Solaris,Integration,Ireland,7
HSESP003,HP-UX,Staging,Spain,3
LSIRL010,Linux,Staging,Ireland,10
HTFRA002,HP-UX,Testing,France,2
LDESP004,Linux,Development,Spain,4
LIITA003,Linux,Integration,Italy,3
LPDEU013,Linux,Production,Germany,13
LTIRL012,Linux,Testing,Ireland,12
APDEU007,AIX,Production,Germany,7
SSDEU008,Solaris,Staging,Germany,8
SPIRL017,Solaris,Production,Ireland,17
LTIRL013,Linux,Testing,Ireland,13
HPITA004,HP-UX,Production,Italy,4
LIIRL006,Linux,Integration,Ireland,6
APIRL008,AIX,Production,Ireland,8
STESP005,Solaris,Testing,Spain,5
SSESP002,Solaris,Staging,Spain,2
LTESP004,Linux,Testing,Spain,4
APIRL009,AIX,Production,Ireland,9
LTESP005,Linux,Testing,Spain,5
APESP004,AIX,Production,Spain,4
STITA004,Solaris,Testing,Italy,4
LPIRL018,Linux,Production,Ireland,18
STIRL011,Solaris,Testing,Ireland,11
SIIRL008,Solaris,Integration,Ireland,8
SPIRL018,Solaris,Production,Ireland,18
LPESP012,Linux,Production,Spain,12
LPESP013,Linux,Production,Spain,13
SPITA006,Solaris,Production,Italy,6
LPDEU014,Linux,Production,Germany,14
ASDEU006,AIX,Staging,Germany,6
LTESP006,Linux,Testing,Spain,6
AIITA004,AIX,Integration,Italy,4
LTESP007,Linux,Testing,Spain,7
LPIRL019,Linux,Production,Ireland,19
SDNOR002,Solaris,Development,Norway,2
HPIRL004,HP-UX,Production,Ireland,4
LPFRA003,Linux,Production,France,3
LPDEU015,Linux,Production,Germany,15
HSFRA002,HP-UX,Staging,France,2
HTESP007,HP-UX,Testing,Spain,7
LPIRL020,Linux,Production,Ireland,20
STIRL012,Solaris,Testing,Ireland,12
LIFRA003,Linux,Integration,France,3
SSIRL008,Solaris,Staging,Ireland,8
STITA005,Solaris,Testing,Italy,5
LSNOR004,Linux,Staging,Norway,4
ASIRL005,AIX,Staging,Ireland,5
LTIRL014,Linux,Testing,Ireland,14
STNOR002,Solaris,Testing,Norway,2
LTITA007,Linux,Testing,Italy,7
HTIRL005,HP-UX,Testing,Ireland,5
LTITA008,Linux,Testing,Italy,8
STITA006,Solaris,Testing,Italy,6
LTESP008,Linux,Testing,Spain,8
SPNOR003,Solaris,Production,Norway,3
SPIRL019,Solaris,Production,Ireland,19
STDEU006,Solaris,Testing,Germany,6
LPESP014,Linux,Production,Spain,14
APESP005,AIX,Production,Spain,5
LDIRL003,Linux,Development,Ireland,3
LTESP009,Linux,Testing,Spain,9
STDEU007,Solaris,Testing,Germany,7
STDEU008,Solaris,Testing,Germany,8
SDITA003,Solaris,Development,Italy,3
HSIRL002,HP-UX,Staging,Ireland,2
SPFRA005,Solaris,Production,France,5
SSIRL009,Solaris,Staging,Ireland,9
HPIRL005,HP-UX,Production,Ireland,5
ATESP004,AIX,Testing,Spain,4
HSESP004,HP-UX,Staging,Spain,4
ADITA001,AIX,Development,Italy,1
LSDEU013,Linux,Staging,Germany,13
LPESP015,Linux,Production,Spain,15
LSNOR005,Linux,Staging,Norway,5
HSIRL003,HP-UX,Staging,Ireland,3
ASITA002,AIX,Staging,Italy,2
LTIRL015,Linux,Testing,Ireland,15
SPESP008,Solaris,Production,Spain,8
HPITA005,HP-UX,Production,Italy,5
APIRL010,AIX,Production,Ireland,10
LSIRL011,Linux,Staging,Ireland,11
LPIRL021,Linux,Production,Ireland,21
APDEU008,AIX,Production,Germany,8
SPESP009,Solaris,Production,Spain,9
APESP006,AIX,Production,Spain,6
LDIRL004,Linux,Development,Ireland,4
LTESP010,Linux,Testing,Spain,10
SPFRA006,Solaris,Production,France,6
HPDEU003,HP-UX,Production,Germany,3
SPIRL020,Solaris,Production,Ireland,20
SSIRL010,Solaris,Staging,Ireland,10
HSESP005,HP-UX,Staging,Spain,5
LIESP001,Linux,Integration,Spain,1
SSIRL011,Solaris,Staging,Ireland,11
SPITA007,Solaris,Production,Italy,7
STIRL013,Solaris,Testing,Ireland,13
HTIRL006,HP-UX,Testing,Ireland,6
ATFRA004,AIX,Testing,France,4
LTFRA003,Linux,Testing,France,3
HTNOR002,HP-UX,Testing,Norway,2
LPNOR001,Linux,Production,Norway,1
SPFRA007,Solaris,Production,France,7
SIIRL009,Solaris,Integration,Ireland,9
LPIRL022,Linux,Production,Ireland,22
STDEU009,Solaris,Testing,Germany,9
LIIRL007,Linux,Integration,Ireland,7
LPIRL023,Linux,Production,Ireland,23
ASIRL006,AIX,Staging,Ireland,6
LTIRL016,Linux,Testing,Ireland,16
LPDEU016,Linux,Production,Germany,16
HPFRA003,HP-UX,Production,France,3
LSIRL012,Linux,Staging,Ireland,12
LSIRL013,Linux,Staging,Ireland,13
LPFRA004,Linux,Production,France,4
LSIRL014,Linux,Staging,Ireland,14
HDIRL003,HP-UX,Development,Ireland,3
SSITA010,Solaris,Staging,Italy,10
APIRL011,AIX,Production,Ireland,11
LSDEU014,Linux,Staging,Germany,14
SSFRA004,Solaris,Staging,France,4
LIIRL008,Linux,Integration,Ireland,8
SDFRA002,Solaris,Development,France,2
LTIRL017,Linux,Testing,Ireland,17
HTIRL007,HP-UX,Testing,Ireland,7
LTITA009,Linux,Testing,Italy,9
LTIRL018,Linux,Testing,Ireland,18
SPIRL021,Solaris,Production,Ireland,21
ATITA006,AIX,Testing,Italy,6
SIDEU007,Solaris,Integration,Germany,7
SDIRL003,Solaris,Development,Ireland,3
LTITA010,Linux,Testing,Italy,10
APESP007,AIX,Production,Spain,7
LPITA006,Linux,Production,Italy,6
SSFRA005,Solaris,Staging,France,5
LPITA007,Linux,Production,Italy,7
STDEU010,Solaris,Testing,Germany,10
LSDEU015,Linux,Staging,Germany,15
APIRL012,AIX,Production,Ireland,12
ASITA003,AIX,Staging,Italy,3
AIITA005,AIX,Integration,Italy,5
LTIRL019,Linux,Testing,Ireland,19
HPIRL006,HP-UX,Production,Ireland,6
LTITA011,Linux,Testing,Italy,11
SSESP003,Solaris,Staging,Spain,3
STIRL014,Solaris,Testing,Ireland,14
HPDEU004,HP-UX,Production,Germany,4
SSITA011,Solaris,Staging,Italy,11
SDITA004,Solaris,Development,Italy,4
LIDEU007,Linux,Integration,Germany,7
LSIRL015,Linux,Staging,Ireland,15
SSIRL012,Solaris,Staging,Ireland,12
SPITA008,Solaris,Production,Italy,8
ASITA004,AIX,Staging,Italy,4
LIIRL009,Linux,Integration,Ireland,9
LDDEU008,Linux,Development,Germany,8
SDESP002,Solaris,Development,Spain,2
STITA007,Solaris,Testing,Italy,7
HIITA001,HP-UX,Integration,Italy,1
HSDEU001,HP-UX,Staging,Germany,1
LDFRA001,Linux,Development,France,1
LSDEU016,Linux,Staging,Germany,16
LTESP011,Linux,Testing,Spain,11
ASIRL007,AIX,Staging,Ireland,7
LPIRL024,Linux,Production,Ireland,24
SPITA009,Solaris,Production,Italy,9
LSNOR006,Linux,Staging,Norway,6
APIRL013,AIX,Production,Ireland,13
LPITA008,Linux,Production,Italy,8
SPESP010,Solaris,Production,Spain,10
SSESP004,Solaris,Staging,Spain,4
HTITA003,HP-UX,Testing,Italy,3
ATFRA005,AIX,Testing,France,5
LPFRA005,Linux,Production,France,5
LSITA008,Linux,Staging,Italy,8
ADESP002,AIX,Development,Spain,2
STITA008,Solaris,Testing,Italy,8
STDEU011,Solaris,Testing,Germany,11
AIIRL007,AIX,Integration,Ireland,7
LDDEU009,Linux,Development,Germany,9
LPESP016,Linux,Production,Spain,16
LPESP017,Linux,Production,Spain,17
APFRA002,AIX,Production,France,2
HPDEU005,HP-UX,Production,Germany,5
HPITA006,HP-UX,Production,Italy,6
LPITA009,Linux,Production,Italy,9
ADIRL003,AIX,Development,Ireland,3
LIDEU008,Linux,Integration,Germany,8
HPNOR001,HP-UX,Production,Norway,1
LPFRA006,Linux,Production,France,6
HSITA002,HP-UX,Staging,Italy,2
LPIRL025,Linux,Production,Ireland,25
SIIRL010,Solaris,Integration,Ireland,10
APDEU009,AIX,Production,Germany,9
HTIRL008,HP-UX,Testing,Ireland,8
STDEU012,Solaris,Testing,Germany,12
HPIRL007,HP-UX,Production,Ireland,7
APDEU010,AIX,Production,Germany,10
LPIRL026,Linux,Production,Ireland,26
STITA009,Solaris,Testing,Italy,9
SIIRL011,Solaris,Integration,Ireland,11
LIDEU009,Linux,Integration,Germany,9
SPIRL022,Solaris,Production,Ireland,22
LSIRL016,Linux,Staging,Ireland,16
SSITA012,Solaris,Staging,Italy,12
LINOR002,Linux,Integration,Norway,2
LTITA012,Linux,Testing,Italy,12
LIITA004,Linux,Integration,Italy,4
ATDEU003,AIX,Testing,Germany,3
ADITA002,AIX,Development,Italy,2
ASIRL008,AIX,Staging,Ireland,8
HPDEU006,HP-UX,Production,Germany,6
LSITA009,Linux,Staging,Italy,9
LSIRL017,Linux,Staging,Ireland,17
SIIRL012,Solaris,Integration,Ireland,12
LPIRL027,Linux,Production,Ireland,27
LDESP005,Linux,Development,Spain,5
LSDEU017,Linux,Staging,Germany,17
LPDEU017,Linux,Production,Germany,17
LTDEU008,Linux,Testing,Germany,8
LPITA010,Linux,Production,Italy,10
HTITA004,HP-UX,Testing,Italy,4
LPITA011,Linux,Production,Italy,11
ASFRA004,AIX,Staging,France,4
STESP006,Solaris,Testing,Spain,6
SPDEU005,Solaris,Production,Germany,5
SPDEU006,Solaris,Production,Germany,6
STIRL015,Solaris,Testing,Ireland,15
LSITA010,Linux,Staging,Italy,10
ASESP005,AIX,Staging,Spain,5
LTESP012,Linux,Testing,Spain,12
LSIRL018,Linux,Staging,Ireland,18
AIIRL008,AIX,Integration,Ireland,8
LTIRL020,Linux,Testing,Ireland,20
HTDEU005,HP-UX,Testing,Germany,5
LTFRA004,Linux,Testing,France,4
LPDEU018,Linux,Production,Germany,18
SSITA013,Solaris,Staging,Italy,13
ASIRL009,AIX,Staging,Ireland,9
HTDEU006,HP-UX,Testing,Germany,6
LPIRL028,Linux,Production,Ireland,28
STDEU013,Solaris,Testing,Germany,13
SPDEU007,Solaris,Production,Germany,7
SSESP005,Solaris,Staging,Spain,5
LTDEU009,Linux,Testing,Germany,9
LIDEU010,Linux,Integration,Germany,10
SDDEU004,Solaris,Development,Germany,4
LSFRA004,Linux,Staging,France,4
ATIRL007,AIX,Testing,Ireland,7
SIESP002,Solaris,Integration,Spain,2
SPITA010,Solaris,Production,Italy,10
ATESP005,AIX,Testing,Spain,5
HTESP008,HP-UX,Testing,Spain,8
HTIRL009,HP-UX,Testing,Ireland,9
LPITA012,Linux,Production,Italy,12
ADIRL004,AIX,Development,Ireland,4
SSDEU009,Solaris,Staging,Germany,9
SDESP003,Solaris,Development,Spain,3
LTFRA005,Linux,Testing,France,5
HDITA001,HP-UX,Development,Italy,1
LPIRL029,Linux,Production,Ireland,29
SIDEU008,Solaris,Integration,Germany,8
LIESP002,Linux,Integration,Spain,2
LPDEU019,Linux,Production,Germany,19
LSITA011,Linux,Staging,Italy,11
SIITA002,Solaris,Integration,Italy,2
STESP007,Solaris,Testing,Spain,7
LTDEU010,Linux,Testing,Germany,10
LPNOR002,Linux,Production,Norway,2
LTDEU011,Linux,Testing,Germany,11
LDDEU010,Linux,Development,Germany,10
ATESP006,AIX,Testing,Spain,6
SSESP006,Solaris,Staging,Spain,6
LTNOR005,Linux,Testing,Norway,5
SPITA011,Solaris,Production,Italy,11
ASIRL010,AIX,Staging,Ireland,10
SSDEU010,Solaris,Staging,Germany,10
ADIRL005,AIX,Development,Ireland,5
SIITA003,Solaris,Integration,Italy,3
SIIRL013,Solaris,Integration,Ireland,13
LSFRA005,Linux,Staging,France,5
SSDEU011,Solaris,Staging,Germany,11
LIIRL010,Linux,Integration,Ireland,10
SIIRL014,Solaris,Integration,Ireland,14
APIRL014,AIX,Production,Ireland,14
STESP008,Solaris,Testing,Spain,8
AIIRL009,AIX,Integration,Ireland,9
ATESP007,AIX,Testing,Spain,7
SDDEU005,Solaris,Development,Germany,5
SPDEU008,Solaris,Production,Germany,8
LTDEU012,Linux,Testing,Germany,12
LPNOR003,Linux,Production,Norway,3
HIDEU001,HP-UX,Integration,Germany,1
SSESP007,Solaris,Staging,Spain,7
SPESP011,Solaris,Production,Spain,11
SSDEU012,Solaris,Staging,Germany,12
LTIRL021,Linux,Testing,Ireland,21
LSITA012,Linux,Staging,Italy,12
HPIRL008,HP-UX,Production,Ireland,8
LPESP018,Linux,Production,Spain,18
APDEU011,AIX,Production,Germany,11
LTESP013,Linux,Testing,Spain,13
AIIRL010,AIX,Integration,Ireland,10
LTDEU013,Linux,Testing,Germany,13
LPITA013,Linux,Production,Italy,13
HPITA007,HP-UX,Production,Italy,7
APIRL015,AIX,Production,Ireland,15
ATDEU004,AIX,Testing,Germany,4
ATDEU005,AIX,Testing,Germany,5
ASIRL011,AIX,Staging,Ireland,11
LSITA013,Linux,Staging,Italy,13
ATFRA006,AIX,Testing,France,6
LTNOR006,Linux,Testing,Norway,6
STFRA003,Solaris,Testing,France,3
STITA010,Solaris,Testing,Italy,10
HTIRL010,HP-UX,Testing,Ireland,10
LTESP014,Linux,Testing,Spain,14
SPIRL023,Solaris,Production,Ireland,23
HDFRA002,HP-UX,Development,France,2
LPNOR004,Linux,Production,Norway,4
SPITA012,Solaris,Production,Italy,12
LTIRL022,Linux,Testing,Ireland,22
SIDEU009,Solaris,Integration,Germany,9
HSIRL004,HP-UX,Staging,Ireland,4
LIIRL011,Linux,Integration,Ireland,11
LSIRL019,Linux,Staging,Ireland,19
SPDEU009,Solaris,Production,Germany,9
LTIRL023,Linux,Testing,Ireland,23
ASIRL012,AIX,Staging,Ireland,12
LSESP009,Linux,Staging,Spain,9
LPESP019,Linux,Production,Spain,19
STIRL016,Solaris,Testing,Ireland,16
LDESP006,Linux,Development,Spain,6
SPDEU010,Solaris,Production,Germany,10
STDEU014,Solaris,Testing,Germany,14
SIESP003,Solaris,Integration,Spain,3
LDIRL005,Linux,Development,Ireland,5
LTESP015,Linux,Testing,Spain,15
AIIRL011,AIX,Integration,Ireland,11
SPFRA008,Solaris,Production,France,8
LSIRL020,Linux,Staging,Ireland,20
HTITA005,HP-UX,Testing,Italy,5
SSESP008,Solaris,Staging,Spain,8
SSIRL013,Solaris,Staging,Ireland,13
ASIRL013,AIX,Staging,Ireland,13
STIRL017,Solaris,Testing,Ireland,17
LPESP020,Linux,Production,Spain,20
SSIRL014,Solaris,Staging,Ireland,14
LSESP010,Linux,Staging,Spain,10
STDEU015,Solaris,Testing,Germany,15
AIDEU003,AIX,Integration,Germany,3
SPESP012,Solaris,Production,Spain,12
STIRL018,Solaris,Testing,Ireland,18
SSESP009,Solaris,Staging,Spain,9
STDEU016,Solaris,Testing,Germany,16
LTIRL024,Linux,Testing,Ireland,24
LDDEU011,Linux,Development,Germany,11
SPESP013,Solaris,Production,Spain,13
SSIRL015,Solaris,Staging,Ireland,15
SSFRA006,Solaris,Staging,France,6
ASESP006,AIX,Staging,Spain,6
SDNOR003,Solaris,Development,Norway,3
LTESP016,Linux,Testing,Spain,16
LDDEU012,Linux,Development,Germany,12
HPIRL009,HP-UX,Production,Ireland,9
LPIRL030,Linux,Production,Ireland,30
LDDEU013,Linux,Development,Germany,13
LPIRL031,Linux,Production,Ireland,31
LPESP021,Linux,Production,Spain,21
LPITA014,Linux,Production,Italy,14
LTITA013,Linux,Testing,Italy,13
LPDEU020,Linux,Production,Germany,20
STESP009,Solaris,Testing,Spain,9
LPIRL032,Linux,Production,Ireland,32
AIESP001,AIX,Integration,Spain,1
LTDEU014,Linux,Testing,Germany,14
LSDEU018,Linux,Staging,Germany,18
LTITA014,Linux,Testing,Italy,14
ASIRL014,AIX,Staging,Ireland,14
ASDEU007,AIX,Staging,Germany,7
ASDEU008,AIX,Staging,Germany,8
SSITA014,Solaris,Staging,Italy,14
LPESP022,Linux,Production,Spain,22
LPFRA007,Linux,Production,France,7
ASDEU009,AIX,Staging,Germany,9
SIESP004,Solaris,Integration,Spain,4
SPIRL024,Solaris,Production,Ireland,24
SPDEU011,Solaris,Production,Germany,11
LTDEU015,Linux,Testing,Germany,15
SIESP005,Solaris,Integration,Spain,5
LIESP003,Linux,Integration,Spain,3
HTITA006,HP-UX,Testing,Italy,6
LTIRL025,Linux,Testing,Ireland,25
SIIRL015,Solaris,Integration,Ireland,15
LDITA005,Linux,Development,Italy,5
LIESP004,Linux,Integration,Spain,4
STDEU017,Solaris,Testing,Germany,17
LPITA015,Linux,Production,Italy,15
LIIRL012,Linux,Integration,Ireland,12
HDIRL004,HP-UX,Development,Ireland,4
LPIRL033,Linux,Production,Ireland,33
HSDEU002,HP-UX,Staging,Germany,2
APIRL016,AIX,Production,Ireland,16
SSITA015,Solaris,Staging,Italy,15
LIITA005,Linux,Integration,Italy,5
LPITA016,Linux,Production,Italy,16
SSITA016,Solaris,Staging,Italy,16
APITA003,AIX,Production,Italy,3
LSESP011,Linux,Staging,Spain,11
LPDEU021,Linux,Production,Germany,21
LSIRL021,Linux,Staging,Ireland,21
LSESP012,Linux,Staging,Spain,12
LTESP017,Linux,Testing,Spain,17
ATITA007,AIX,Testing,Italy,7
SDIRL004,Solaris,Development,Ireland,4
ATDEU006,AIX,Testing,Germany,6
SPFRA009,Solaris,Production,France,9
ADFRA003,AIX,Development,France,3
APNOR002,AIX,Production,Norway,2
LPESP023,Linux,Production,Spain,23
LDIRL006,Linux,Development,Ireland,6
STESP010,Solaris,Testing,Spain,10
APDEU012,AIX,Production,Germany,12
LPITA017,Linux,Production,Italy,17
SPNOR004,Solaris,Production,Norway,4
SSIRL016,Solaris,Staging,Ireland,16
SPESP014,Solaris,Production,Spain,14
HSESP006,HP-UX,Staging,Spain,6
APESP008,AIX,Production,Spain,8
ATESP008,AIX,Testing,Spain,8
ASFRA005,AIX,Staging,France,5
ASFRA006,AIX,Staging,France,6
LPIRL034,Linux,Production,Ireland,34
LIITA006,Linux,Integration,Italy,6
SSIRL017,Solaris,Staging,Ireland,17
LTIRL026,Linux,Testing,Ireland,26
SPIRL025,Solaris,Production,Ireland,25
SSITA017,Solaris,Staging,Italy,17
LSFRA006,Linux,Staging,France,6
SIIRL016,Solaris,Integration,Ireland,16
LTDEU016,Linux,Testing,Germany,16
LIDEU011,Linux,Integration,Germany,11
LSIRL022,Linux,Staging,Ireland,22
LTIRL027,Linux,Testing,Ireland,27
SPFRA010,Solaris,Production,France,10
LPIRL035,Linux,Production,Ireland,35
LPITA018,Linux,Production,Italy,18
APESP009,AIX,Production,Spain,9
APIRL017,AIX,Production,Ireland,17
LTITA015,Linux,Testing,Italy,15
SPNOR005,Solaris,Production,Norway,5
LTITA016,Linux,Testing,Italy,16
ASITA005,AIX,Staging,Italy,5
HTNOR003,HP-UX,Testing,Norway,3
HTITA007,HP-UX,Testing,Italy,7
ATNOR001,AIX,Testing,Norway,1
LPNOR005,Linux,Production,Norway,5
APITA004,AIX,Production,Italy,4
LSDEU019,Linux,Staging,Germany,19
HTESP009,HP-UX,Testing,Spain,9
LPITA019,Linux,Production,Italy,19
LSESP013,Linux,Staging,Spain,13
ATESP009,AIX,Testing,Spain,9
AIESP002,AIX,Integration,Spain,2
LSIRL023,Linux,Staging,Ireland,23
SDIRL005,Solaris,Development,Ireland,5
STIRL019,Solaris,Testing,Ireland,19
SIIRL017,Solaris,Integration,Ireland,17
LSDEU020,Linux,Staging,Germany,20
SPDEU012,Solaris,Production,Germany,12
LSITA014,Linux,Staging,Italy,14
SIIRL018,Solaris,Integration,Ireland,18
HSESP007,HP-UX,Staging,Spain,7
APIRL018,AIX,Production,Ireland,18
SDNOR004,Solaris,Development,Norway,4
LPIRL036,Linux,Production,Ireland,36
HIDEU002,HP-UX,Integration,Germany,2
LSIRL024,Linux,Staging,Ireland,24
SIDEU010,Solaris,Integration,Germany,10
LTITA017,Linux,Testing,Italy,17
LIITA007,Linux,Integration,Italy,7
SDESP004,Solaris,Development,Spain,4
STNOR003,Solaris,Testing,Norway,3
LSFRA007,Linux,Staging,France,7
HPITA008,HP-UX,Production,Italy,8
LPIRL037,Linux,Production,Ireland,37
SDIRL006,Solaris,Development,Ireland,6
APIRL019,AIX,Production,Ireland,19
HPITA009,HP-UX,Production,Italy,9
SPESP015,Solaris,Production,Spain,15
ATDEU007,AIX,Testing,Germany,7
ATITA008,AIX,Testing,Italy,8
SPDEU013,Solaris,Production,Germany,13
LTFRA006,Linux,Testing,France,6
ASITA006,AIX,Staging,Italy,6
SPDEU014,Solaris,Production,Germany,14
APESP010,AIX,Production,Spain,10
SPIRL026,Solaris,Production,Ireland,26
ASDEU010,AIX,Staging,Germany,10
ATNOR002,AIX,Testing,Norway,2
SSFRA007,Solaris,Staging,France,7
LDDEU014,Linux,Development,Germany,14
LTDEU017,Linux,Testing,Germany,17
ATIRL008,AIX,Testing,Ireland,8
SSIRL018,Solaris,Staging,Ireland,18
LPITA020,Linux,Production,Italy,20
LTIRL028,Linux,Testing,Ireland,28
LTESP018,Linux,Testing,Spain,18
APESP011,AIX,Production,Spain,11
LPITA021,Linux,Production,Italy,21
LSITA015,Linux,Staging,Italy,15
LSFRA008,Linux,Staging,France,8
LSDEU021,Linux,Staging,Germany,21
HPITA010,HP-UX,Production,Italy,10
LPESP024,Linux,Production,Spain,24
LPIRL038,Linux,Production,Ireland,38
LSIRL025,Linux,Staging,Ireland,25
LPIRL039,Linux,Production,Ireland,39
SSDEU013,Solaris,Staging,Germany,13
SSIRL019,Solaris,Staging,Ireland,19
SIITA004,Solaris,Integration,Italy,4
LTITA018,Linux,Testing,Italy,18
STIRL020,Solaris,Testing,Ireland,20
ASDEU011,AIX,Staging,Germany,11
SIITA005,Solaris,Integration,Italy,5
LPFRA008,Linux,Production,France,8
LPDEU022,Linux,Production,Germany,22
ASIRL015,AIX,Staging,Ireland,15
ASDEU012,AIX,Staging,Germany,12
SPITA013,Solaris,Production,Italy,13
LIIRL013,Linux,Integration,Ireland,13
STITA011,Solaris,Testing,Italy,11
LSIRL026,Linux,Staging,Ireland,26
LPFRA009,Linux,Production,France,9
HDFRA003,HP-UX,Development,France,3
ASDEU013,AIX,Staging,Germany,13
LPIRL040,Linux,Production,Ireland,40
LTESP019,Linux,Testing,Spain,19
SIDEU011,Solaris,Integration,Germany,11
LSIRL027,Linux,Staging,Ireland,27
STIRL021,Solaris,Testing,Ireland,21
ATFRA007,AIX,Testing,France,7
SIIRL019,Solaris,Integration,Ireland,19
SPDEU015,Solaris,Production,Germany,15
LPDEU023,Linux,Production,Germany,23
LPDEU024,Linux,Production,Germany,24
SSIRL020,Solaris,Staging,Ireland,20
SPDEU016,Solaris,Production,Germany,16
ASIRL016,AIX,Staging,Ireland,16
AIFRA001,AIX,Integration,France,1
LDIRL007,Linux,Development,Ireland,7
AIIRL012,AIX,Integration,Ireland,12
STIRL022,Solaris,Testing,Ireland,22
SIESP006,Solaris,Integration,Spain,6
LTDEU018,Linux,Testing,Germany,18
LTDEU019,Linux,Testing,Germany,19
LPESP025,Linux,Production,Spain,25
SPESP016,Solaris,Production,Spain,16
LPESP026,Linux,Production,Spain,26
SIIRL020,Solaris,Integration,Ireland,20
SSFRA008,Solaris,Staging,France,8
SPIRL027,Solaris,Production,Ireland,27
LIESP005,Linux,Integration,Spain,5
HDIRL005,HP-UX,Development,Ireland,5
LTITA019,Linux,Testing,Italy,19
HPNOR002,HP-UX,Production,Norway,2
AIDEU004,AIX,Integration,Germany,4
AIESP003,AIX,Integration,Spain,3
LIIRL014,Linux,Integration,Ireland,14
APESP012,AIX,Production,Spain,12
LSITA016,Linux,Staging,Italy,16
STIRL023,Solaris,Testing,Ireland,23
STDEU018,Solaris,Testing,Germany,18
ASESP007,AIX,Staging,Spain,7
HDDEU003,HP-UX,Development,Germany,3
SPITA014,Solaris,Production,Italy,14
HSIRL005,HP-UX,Staging,Ireland,5
SIIRL021,Solaris,Integration,Ireland,21
LSESP014,Linux,Staging,Spain,14
LSIRL028,Linux,Staging,Ireland,28
APESP013,AIX,Production,Spain,13
LIDEU012,Linux,Integration,Germany,12
LINOR003,Linux,Integration,Norway,3
HTITA008,HP-UX,Testing,Italy,8
LSFRA009,Linux,Staging,France,9
STDEU019,Solaris,Testing,Germany,19
HTESP010,HP-UX,Testing,Spain,10
AIDEU005,AIX,Integration,Germany,5
SDNOR005,Solaris,Development,Norway,5
SPNOR006,Solaris,Production,Norway,6
LTITA020,Linux,Testing,Italy,20
ATESP010,AIX,Testing,Spain,10
LDNOR003,Linux,Development,Norway,3
LIIRL015,Linux,Integration,Ireland,15
HSESP008,HP-UX,Staging,Spain,8
LPIRL041,Linux,Production,Ireland,41
LTFRA007,Linux,Testing,France,7
APIRL020,AIX,Production,Ireland,20
LTESP020,Linux,Testing,Spain,20
HPESP003,HP-UX,Production,Spain,3
LPESP027,Linux,Production,Spain,27
APESP014,AIX,Production,Spain,14
ASNOR003,AIX,Staging,Norway,3
SSIRL021,Solaris,Staging,Ireland,21
LSDEU022,Linux,Staging,Germany,22
LTITA021,Linux,Testing,Italy,21
LSESP015,Linux,Staging,Spain,15
SPIRL028,Solaris,Production,Ireland,28
SPIRL029,Solaris,Production,Ireland,29
SDITA005,Solaris,Development,Italy,5
APIRL021,AIX,Production,Ireland,21
APIRL022,AIX,Production,Ireland,22
ADIRL006,AIX,Development,Ireland,6
SIIRL022,Solaris,Integration,Ireland,22
LPIRL042,Linux,Production,Ireland,42
LTIRL029,Linux,Testing,Ireland,29
SSITA018,Solaris,Staging,Italy,18
HTESP011,HP-UX,Testing,Spain,11
APFRA003,AIX,Production,France,3
STIRL024,Solaris,Testing,Ireland,24
APITA005,AIX,Production,Italy,5
STESP011,Solaris,Testing,Spain,11
ASITA007,AIX,Staging,Italy,7
APIRL023,AIX,Production,Ireland,23
LIESP006,Linux,Integration,Spain,6
APFRA004,AIX,Production,France,4
LSIRL029,Linux,Staging,Ireland,29
LSIRL030,Linux,Staging,Ireland,30
SSIRL022,Solaris,Staging,Ireland,22
STITA012,Solaris,Testing,Italy,12
SDIRL007,Solaris,Development,Ireland,7
LSESP016,Linux,Staging,Spain,16
LSDEU023,Linux,Staging,Germany,23
SDDEU006,Solaris,Development,Germany,6
SSESP010,Solaris,Staging,Spain,10
ATDEU008,AIX,Testing,Germany,8
SSIRL023,Solaris,Staging,Ireland,23
LTFRA008,Linux,Testing,France,8
SIIRL023,Solaris,Integration,Ireland,23
LSIRL031,Linux,Staging,Ireland,31
SPESP017,Solaris,Production,Spain,17
STDEU020,Solaris,Testing,Germany,20
LSDEU024,Linux,Staging,Germany,24
ASIRL017,AIX,Staging,Ireland,17
SDDEU007,Solaris,Development,Germany,7
LIIRL016,Linux,Integration,Ireland,16
LPESP028,Linux,Production,Spain,28
SDITA006,Solaris,Development,Italy,6
LIITA008,Linux,Integration,Italy,8
LTIRL030,Linux,Testing,Ireland,30
STFRA004,Solaris,Testing,France,4
LIITA009,Linux,Integration,Italy,9
SPDEU017,Solaris,Production,Germany,17
APITA006,AIX,Production,Italy,6
STIRL025,Solaris,Testing,Ireland,25
LTESP021,Linux,Testing,Spain,21
LDDEU015,Linux,Development,Germany,15
LDITA006,Linux,Development,Italy,6
LSIRL032,Linux,Staging,Ireland,32
SSIRL024,Solaris,Staging,Ireland,24
ASITA008,AIX,Staging,Italy,8
SIITA006,Solaris,Integration,Italy,6
LPIRL043,Linux,Production,Ireland,43
APFRA005,AIX,Production,France,5
LPITA022,Linux,Production,Italy,22
LPESP029,Linux,Production,Spain,29
LDIRL008,Linux,Development,Ireland,8
SIITA007,Solaris,Integration,Italy,7
ASIRL018,AIX,Staging,Ireland,18
STIRL026,Solaris,Testing,Ireland,26
LTITA022,Linux,Testing,Italy,22
SSITA019,Solaris,Staging,Italy,19
ASESP008,AIX,Staging,Spain,8
LTFRA009,Linux,Testing,France,9
APESP015,AIX,Production,Spain,15
SDITA007,Solaris,Development,Italy,7
SIITA008,Solaris,Integration,Italy,8
LPDEU025,Linux,Production,Germany,25
SSESP011,Solaris,Staging,Spain,11
APESP016,AIX,Production,Spain,16
APITA007,AIX,Production,Italy,7
SIITA009,Solaris,Integration,Italy,9
LIIRL017,Linux,Integration,Ireland,17
HSFRA003,HP-UX,Staging,France,3
ATESP011,AIX,Testing,Spain,11
STESP012,Solaris,Testing,Spain,12
HTIRL011,HP-UX,Testing,Ireland,11
LPFRA010,Linux,Production,France,10
SSIRL025,Solaris,Staging,Ireland,25
ASIRL019,AIX,Staging,Ireland,19
STITA013,Solaris,Testing,Italy,13
LPFRA011,Linux,Production,France,11
HSESP009,HP-UX,Staging,Spain,9
ATESP012,AIX,Testing,Spain,12
LIDEU013,Linux,Integration,Germany,13
SSESP012,Solaris,Staging,Spain,12
LPDEU026,Linux,Production,Germany,26
LDESP007,Linux,Development,Spain,7
ATESP013,AIX,Testing,Spain,13
LSIRL033,Linux,Staging,Ireland,33
APFRA006,AIX,Production,France,6
LSDEU025,Linux,Staging,Germany,25
LPESP030,Linux,Production,Spain,30
LTIRL031,Linux,Testing,Ireland,31
HTESP012,HP-UX,Testing,Spain,12
APIRL024,AIX,Production,Ireland,24
LPDEU027,Linux,Production,Germany,27
SPIRL030,Solaris,Production,Ireland,30
SDIRL008,Solaris,Development,Ireland,8
STIRL027,Solaris,Testing,Ireland,27
APFRA007,AIX,Production,France,7
ASFRA007,AIX,Staging,France,7
SSESP013,Solaris,Staging,Spain,13
ADESP003,AIX,Development,Spain,3
SSIRL026,Solaris,Staging,Ireland,26
ASIRL020,AIX,Staging,Ireland,20
SPESP018,Solaris,Production,Spain,18
STESP013,Solaris,Testing,Spain,13
SPITA015,Solaris,Production,Italy,15
HSDEU003,HP-UX,Staging,Germany,3
LIFRA004,Linux,Integration,France,4
LTIRL032,Linux,Testing,Ireland,32
ATESP014,AIX,Testing,Spain,14
LPITA023,Linux,Production,Italy,23
LIIRL018,Linux,Integration,Ireland,18
STESP014,Solaris,Testing,Spain,14
APITA008,AIX,Production,Italy,8
STNOR004,Solaris,Testing,Norway,4
HTDEU007,HP-UX,Testing,Germany,7
LPIRL044,Linux,Production,Ireland,44
LPIRL045,Linux,Production,Ireland,45
LTFRA010,Linux,Testing,France,10
SSESP014,Solaris,Staging,Spain,14
SSDEU014,Solaris,Staging,Germany,14
STITA014,Solaris,Testing,Italy,14
LIITA010,Linux,Integration,Italy,10
SPESP019,Solaris,Production,Spain,19
ATDEU009,AIX,Testing,Germany,9
LIESP007,Linux,Integration,Spain,7
STIRL028,Solaris,Testing,Ireland,28
LSDEU026,Linux,Staging,Germany,26
LTDEU020,Linux,Testing,Germany,20
HPIRL010,HP-UX,Production,Ireland,10
ASIRL021,AIX,Staging,Ireland,21
APIRL025,AIX,Production,Ireland,25
AIESP004,AIX,Integration,Spain,4
HSITA003,HP-UX,Staging,Italy,3
HTESP013,HP-UX,Testing,Spain,13
SSITA020,Solaris,Staging,Italy,20
LPIRL046,Linux,Production,Ireland,46
LSDEU027,Linux,Staging,Germany,27
ATESP015,AIX,Testing,Spain,15
LTIRL033,Linux,Testing,Ireland,33
LTITA023,Linux,Testing,Italy,23
STDEU021,Solaris,Testing,Germany,21
LPIRL047,Linux,Production,Ireland,47
LTFRA011,Linux,Testing,France,11
ASIRL022,AIX,Staging,Ireland,22
LPIRL048,Linux,Production,Ireland,48
APITA009,AIX,Production,Italy,9
STDEU022,Solaris,Testing,Germany,22
ASESP009,AIX,Staging,Spain,9
HTIRL012,HP-UX,Testing,Ireland,12
SSDEU015,Solaris,Staging,Germany,15
AIIRL013,AIX,Integration,Ireland,13
LIFRA005,Linux,Integration,France,5
LSIRL034,Linux,Staging,Ireland,34
LIITA011,Linux,Integration,Italy,11
LTFRA012,Linux,Testing,France,12
LSITA017,Linux,Staging,Italy,17
ASITA009,AIX,Staging,Italy,9
LSIRL035,Linux,Staging,Ireland,35
LSITA018,Linux,Staging,Italy,18
AIIRL014,AIX,Integration,Ireland,14
ATIRL009,AIX,Testing,Ireland,9
APDEU013,AIX,Production,Germany,13
HTNOR004,HP-UX,Testing,Norway,4
ASNOR004,AIX,Staging,Norway,4
APITA010,AIX,Production,Italy,10
LSESP017,Linux,Staging,Spain,17
LTIRL034,Linux,Testing,Ireland,34
SSITA021,Solaris,Staging,Italy,21
STESP015,Solaris,Testing,Spain,15
LTDEU021,Linux,Testing,Germany,21
HIDEU003,HP-UX,Integration,Germany,3
APESP017,AIX,Production,Spain,17
SPDEU018,Solaris,Production,Germany,18
ASIRL023,AIX,Staging,Ireland,23
LPDEU028,Linux,Production,Germany,28
LPIRL049,Linux,Production,Ireland,49
SDIRL009,Solaris,Development,Ireland,9
SPDEU019,Solaris,Production,Germany,19
APESP018,AIX,Production,Spain,18
HPDEU007,HP-UX,Production,Germany,7
SPITA016,Solaris,Production,Italy,16
LPIRL050,Linux,Production,Ireland,50
STDEU023,Solaris,Testing,Germany,23
LSDEU028,Linux,Staging,Germany,28
LINOR004,Linux,Integration,Norway,4
SDFRA003,Solaris,Development,France,3
LSIRL036,Linux,Staging,Ireland,36
LSITA019,Linux,Staging,Italy,19
ASITA010,AIX,Staging,Italy,10
APFRA008,AIX,Production,France,8
SSESP015,Solaris,Staging,Spain,15
SIFRA003,Solaris,Integration,France,3
SSIRL027,Solaris,Staging,Ireland,27
LTITA024,Linux,Testing,Italy,24
APIRL026,AIX,Production,Ireland,26
SDIRL010,Solaris,Development,Ireland,10
APDEU014,AIX,Production,Germany,14
SSESP016,Solaris,Staging,Spain,16
ASFRA008,AIX,Staging,France,8
LPDEU029,Linux,Production,Germany,29
SPIRL031,Solaris,Production,Ireland,31
LTITA025,Linux,Testing,Italy,25
SPITA017,Solaris,Production,Italy,17
LPESP031,Linux,Production,Spain,31
HTDEU008,HP-UX,Testing,Germany,8
ATIRL010,AIX,Testing,Ireland,10
SSNOR002,Solaris,Staging,Norway,2
ASESP010,AIX,Staging,Spain,10
LSIRL037,Linux,Staging,Ireland,37
STFRA005,Solaris,Testing,France,5
LSDEU029,Linux,Staging,Germany,29
HTIRL013,HP-UX,Testing,Ireland,13
SSITA022,Solaris,Staging,Italy,22
STIRL029,Solaris,Testing,Ireland,29
SDNOR006,Solaris,Development,Norway,6
SPITA018,Solaris,Production,Italy,18
LPITA024,Linux,Production,Italy,24
SSDEU016,Solaris,Staging,Germany,16
HPDEU008,HP-UX,Production,Germany,8
SPIRL032,Solaris,Production,Ireland,32
LDIRL009,Linux,Development,Ireland,9
SIFRA004,Solaris,Integration,France,4
AIESP005,AIX,Integration,Spain,5
LSIRL038,Linux,Staging,Ireland,38
LPIRL051,Linux,Production,Ireland,51
HSESP010,HP-UX,Staging,Spain,10
LSESP018,Linux,Staging,Spain,18
SSITA023,Solaris,Staging,Italy,23
APIRL027,AIX,Production,Ireland,27
APITA011,AIX,Production,Italy,11
LSDEU030,Linux,Staging,Germany,30
APDEU015,AIX,Production,Germany,15
LDIRL010,Linux,Development,Ireland,10
LDITA007,Linux,Development,Italy,7
LTITA026,Linux,Testing,Italy,26
ADESP004,AIX,Development,Spain,4
STDEU024,Solaris,Testing,Germany,24
STITA015,Solaris,Testing,Italy,15
LPIRL052,Linux,Production,Ireland,52
LDIRL011,Linux,Development,Ireland,11
APDEU016,AIX,Production,Germany,16
APDEU017,AIX,Production,Germany,17
SSDEU017,Solaris,Staging,Germany,17
ADDEU002,AIX,Development,Germany,2
HSDEU004,HP-UX,Staging,Germany,4
LPITA025,Linux,Production,Italy,25
SDITA008,Solaris,Development,Italy,8
AIFRA002,AIX,Integration,France,2
HSIRL006,HP-UX,Staging,Ireland,6
SIIRL024,Solaris,Integration,Ireland,24
LDNOR004,Linux,Development,Norway,4
SSESP017,Solaris,Staging,Spain,17
APIRL028,AIX,Production,Ireland,28
LTIRL035,Linux,Testing,Ireland,35
ATESP016,AIX,Testing,Spain,16
LSITA020,Linux,Staging,Italy,20
LTDEU022,Linux,Testing,Germany,22
SPESP020,Solaris,Production,Spain,20
LTITA027,Linux,Testing,Italy,27
SSIRL028,Solaris,Staging,Ireland,28
LDDEU016,Linux,Development,Germany,16
LIIRL019,Linux,Integration,Ireland,19
LSITA021,Linux,Staging,Italy,21
SPDEU020,Solaris,Production,Germany,20
LSDEU031,Linux,Staging,Germany,31
STITA016,Solaris,Testing,Italy,16
LSDEU032,Linux,Staging,Germany,32
HTFRA003,HP-UX,Testing,France,3
LSITA022,Linux,Staging,Italy,22
APESP019,AIX,Production,Spain,19
LTIRL036,Linux,Testing,Ireland,36
LPIRL053,Linux,Production,Ireland,53
LPDEU030,Linux,Production,Germany,30
ASESP011,AIX,Staging,Spain,11
APDEU018,AIX,Production,Germany,18
LTIRL037,Linux,Testing,Ireland,37
LIITA012,Linux,Integration,Italy,12
LPFRA012,Linux,Production,France,12
SPIRL033,Solaris,Production,Ireland,33
SIESP007,Solaris,Integration,Spain,7
APIRL029,AIX,Production,Ireland,29
ASFRA009,AIX,Staging,France,9
LDIRL012,Linux,Development,Ireland,12
AIDEU006,AIX,Integration,Germany,6
LPITA026,Linux,Production,Italy,26
SIFRA005,Solaris,Integration,France,5
SSITA024,Solaris,Staging,Italy,24
ASIRL024,AIX,Staging,Ireland,24
ATIRL011,AIX,Testing,Ireland,11
LPIRL054,Linux,Production,Ireland,54
LSIRL039,Linux,Staging,Ireland,39
AIIRL015,AIX,Integration,Ireland,15
ASFRA010,AIX,Staging,France,10
APESP020,AIX,Production,Spain,20
APESP021,AIX,Production,Spain,21
APFRA009,AIX,Production,France,9
HTIRL014,HP-UX,Testing,Ireland,14
SSDEU018,Solaris,Staging,Germany,18
ASNOR005,AIX,Staging,Norway,5
HTDEU009,HP-UX,Testing,Germany,9
LDESP008,Linux,Development,Spain,8
LSESP019,Linux,Staging,Spain,19
STESP016,Solaris,Testing,Spain,16
HDDEU004,HP-UX,Development,Germany,4
SPIRL034,Solaris,Production,Ireland,34
SPESP021,Solaris,Production,Spain,21
APITA012,AIX,Production,Italy,12
LIDEU014,Linux,Integration,Germany,14
SPITA019,Solaris,Production,Italy,19
APITA013,AIX,Production,Italy,13
SSNOR003,Solaris,Staging,Norway,3
SIIRL025,Solaris,Integration,Ireland,25
SPESP022,Solaris,Production,Spain,22
LTIRL038,Linux,Testing,Ireland,38
HPESP004,HP-UX,Production,Spain,4
HTDEU010,HP-UX,Testing,Germany,10
HSESP011,HP-UX,Staging,Spain,11
HIIRL002,HP-UX,Integration,Ireland,2
ADITA003,AIX,Development,Italy,3
SSIRL029,Solaris,Staging,Ireland,29
SDFRA004,Solaris,Development,France,4
STITA017,Solaris,Testing,Italy,17
STDEU025,Solaris,Testing,Germany,25
HTESP014,HP-UX,Testing,Spain,14
LSFRA010,Linux,Staging,France,10
STIRL030,Solaris,Testing,Ireland,30
LIDEU015,Linux,Integration,Germany,15
LPIRL055,Linux,Production,Ireland,55
SSIRL030,Solaris,Staging,Ireland,30
LSDEU033,Linux,Staging,Germany,33
LTDEU023,Linux,Testing,Germany,23
LPDEU031,Linux,Production,Germany,31
LIESP008,Linux,Integration,Spain,8
SSITA025,Solaris,Staging,Italy,25
LTITA028,Linux,Testing,Italy,28
ASITA011,AIX,Staging,Italy,11
SPFRA011,Solaris,Production,France,11
SPDEU021,Solaris,Production,Germany,21
LSITA023,Linux,Staging,Italy,23
HTITA009,HP-UX,Testing,Italy,9
APESP022,AIX,Production,Spain,22
ASDEU014,AIX,Staging,Germany,14
HTESP015,HP-UX,Testing,Spain,15
SSDEU019,Solaris,Staging,Germany,19
LTIRL039,Linux,Testing,Ireland,39
SSIRL031,Solaris,Staging,Ireland,31
HPNOR003,HP-UX,Production,Norway,3
HPDEU009,HP-UX,Production,Germany,9
LSDEU034,Linux,Staging,Germany,34
STNOR005,Solaris,Testing,Norway,5
LDFRA002,Linux,Development,France,2
LTIRL040,Linux,Testing,Ireland,40
SPITA020,Solaris,Production,Italy,20
SSIRL032,Solaris,Staging,Ireland,32
ASDEU015,AIX,Staging,Germany,15
SSIRL033,Solaris,Staging,Ireland,33
LPITA027,Linux,Production,Italy,27
LPITA028,Linux,Production,Italy,28
LSFRA011,Linux,Staging,France,11
SPNOR007,Solaris,Production,Norway,7
LDDEU017,Linux,Development,Germany,17
STDEU026,Solaris,Testing,Germany,26
SPDEU022,Solaris,Production,Germany,22
APIRL030,AIX,Production,Ireland,30
SPDEU023,Solaris,Production,Germany,23
HSIRL007,HP-UX,Staging,Ireland,7
HSFRA004,HP-UX,Staging,France,4
APIRL031,AIX,Production,Ireland,31
STITA018,Solaris,Testing,Italy,18
LPESP032,Linux,Production,Spain,32
SPESP023,Solaris,Production,Spain,23
LPITA029,Linux,Production,Italy,29
LTESP022,Linux,Testing,Spain,22
SIDEU012,Solaris,Integration,Germany,12
STNOR006,Solaris,Testing,Norway,6
SSITA026,Solaris,Staging,Italy,26
APESP023,AIX,Production,Spain,23
ASDEU016,AIX,Staging,Germany,16
SPIRL035,Solaris,Production,Ireland,35
HTFRA004,HP-UX,Testing,France,4
ASITA012,AIX,Staging,Italy,12
APIRL032,AIX,Production,Ireland,32
LSIRL040,Linux,Staging,Ireland,40
LTDEU024,Linux,Testing,Germany,24
STFRA006,Solaris,Testing,France,6
ADDEU003,AIX,Development,Germany,3
SDDEU008,Solaris,Development,Germany,8
SPNOR008,Solaris,Production,Norway,8
HPIRL011,HP-UX,Production,Ireland,11
LPDEU032,Linux,Production,Germany,32
SSESP018,Solaris,Staging,Spain,18
ADIRL007,AIX,Development,Ireland,7
LTDEU025,Linux,Testing,Germany,25
STITA019,Solaris,Testing,Italy,19
HPESP005,HP-UX,Production,Spain,5
LSITA024,Linux,Staging,Italy,24
SSIRL034,Solaris,Staging,Ireland,34
ADNOR002,AIX,Development,Norway,2
SDDEU009,Solaris,Development,Germany,9
SPDEU024,Solaris,Production,Germany,24
STIRL031,Solaris,Testing,Ireland,31
LDITA008,Linux,Development,Italy,8
LSDEU035,Linux,Staging,Germany,35
LSFRA012,Linux,Staging,France,12
ATIRL012,AIX,Testing,Ireland,12
APIRL033,AIX,Production,Ireland,33
HDITA002,HP-UX,Development,Italy,2
STITA020,Solaris,Testing,Italy,20
HSIRL008,HP-UX,Staging,Ireland,8
HTFRA005,HP-UX,Testing,France,5
SPESP024,Solaris,Production,Spain,24
LSIRL041,Linux,Staging,Ireland,41
SDNOR007,Solaris,Development,Norway,7
SPIRL036,Solaris,Production,Ireland,36
LPFRA013,Linux,Production,France,13
LTDEU026,Linux,Testing,Germany,26
SPDEU025,Solaris,Production,Germany,25
LPITA030,Linux,Production,Italy,30
SIIRL026,Solaris,Integration,Ireland,26
HTITA010,HP-UX,Testing,Italy,10
LDFRA003,Linux,Development,France,3
LSIRL042,Linux,Staging,Ireland,42
SPIRL037,Solaris,Production,Ireland,37
ATESP017,AIX,Testing,Spain,17
LDIRL013,Linux,Development,Ireland,13
LSESP020,Linux,Staging,Spain,20
LPIRL056,Linux,Production,Ireland,56
SSESP019,Solaris,Staging,Spain,19
STIRL032,Solaris,Testing,Ireland,32
LPESP033,Linux,Production,Spain,33
LSDEU036,Linux,Staging,Germany,36
LSITA025,Linux,Staging,Italy,25
LSIRL043,Linux,Staging,Ireland,43
APNOR003,AIX,Production,Norway,3
STESP017,Solaris,Testing,Spain,17
HPITA011,HP-UX,Production,Italy,11
LDIRL014,Linux,Development,Ireland,14
LPIRL057,Linux,Production,Ireland,57
APFRA010,AIX,Production,France,10
HSITA004,HP-UX,Staging,Italy,4
LPIRL058,Linux,Production,Ireland,58
SPIRL038,Solaris,Production,Ireland,38
LPESP034,Linux,Production,Spain,34
SPIRL039,Solaris,Production,Ireland,39
LIESP009,Linux,Integration,Spain,9
SSITA027,Solaris,Staging,Italy,27
STITA021,Solaris,Testing,Italy,21
LPDEU033,Linux,Production,Germany,33
STIRL033,Solaris,Testing,Ireland,33
LPITA031,Linux,Production,Italy,31
ATITA009,AIX,Testing,Italy,9
LDFRA004,Linux,Development,France,4
HSNOR001,HP-UX,Staging,Norway,1
LSITA026,Linux,Staging,Italy,26
SDDEU010,Solaris,Development,Germany,10
LDFRA005,Linux,Development,France,5
ASESP012,AIX,Staging,Spain,12
STDEU027,Solaris,Testing,Germany,27
LPIRL059,Linux,Production,Ireland,59
LTDEU027,Linux,Testing,Germany,27
HPDEU010,HP-UX,Production,Germany,10
STFRA007,Solaris,Testing,France,7
SDDEU011,Solaris,Development,Germany,11
SSDEU020,Solaris,Staging,Germany,20
STESP018,Solaris,Testing,Spain,18
LIIRL020,Linux,Integration,Ireland,20
SSIRL035,Solaris,Staging,Ireland,35
LIIRL021,Linux,Integration,Ireland,21
SSESP020,Solaris,Staging,Spain,20
ADIRL008,AIX,Development,Ireland,8
SPIRL040,Solaris,Production,Ireland,40
STIRL034,Solaris,Testing,Ireland,34
LTDEU028,Linux,Testing,Germany,28
LSNOR007,Linux,Staging,Norway,7
LPDEU034,Linux,Production,Germany,34
ATESP018,AIX,Testing,Spain,18
LPESP035,Linux,Production,Spain,35
STIRL035,Solaris,Testing,Ireland,35
SSFRA009,Solaris,Staging,France,9
STIRL036,Solaris,Testing,Ireland,36
LTIRL041,Linux,Testing,Ireland,41
LSIRL044,Linux,Staging,Ireland,44
LPESP036,Linux,Production,Spain,36
ATIRL013,AIX,Testing,Ireland,13
ATITA010,AIX,Testing,Italy,10
LTITA029,Linux,Testing,Italy,29
ATDEU010,AIX,Testing,Germany,10
LPDEU035,Linux,Production,Germany,35
ADIRL009,AIX,Development,Ireland,9
LSESP021,Linux,Staging,Spain,21
HINOR001,HP-UX,Integration,Norway,1
SDITA009,Solaris,Development,Italy,9
